StaffID,FirstName,LastName,Email,Gender,Role,Phone
100.00,Lion,Elnaugh,lelnaugh0@apple.com,Male,CEO,543-601-2439
101.00,Gordy,Forte,gforte1@nbcnews.com,Male,Chief Operating Officer,512-505-9120
102.00,Taffy,Woolhouse,twoolhouse2@sourceforge.net,Female,Financial Manager,693-800-0094
103.00,Jobye,Soame,jsoame3@github.com,Female,Marketing Manager,495-738-0774
104.00,Paige,Jeune,pjeune4@sourceforge.net,Male,Operations Manager,798-484-9017
105.00,Katya,Scorton,kscorton5@timesonline.co.uk,Female,Office Manager,553-928-4008
106.00,Wini,Crawforth,wcrawforth6@harvard.edu,Female,Accounting Manager ,755-494-4093
107.00,Dasi,Ciobotaru,dciobotaru7@marketwatch.com,Female,Executive assistant ,310-996-4397
108.00,Parker,Kirtley,pkirtley8@globo.com,Male,Executive assistant ,416-462-0539
109.00,Pia,Loveless,ploveless9@skyrock.com,Female,Executive assistant ,331-329-6027
110.00,Chaunce,De Bischop,cdebischopa@surveymonkey.com,Male,Executive assistant ,708-141-4993
111.00,Tremayne,Stowgill,tstowgillb@theatlantic.com,Male,Human Resource Manger,184-939-5173
112.00,Philip,Matelyunas,pmatelyunasc@wisc.edu,Male,Residential Service Specialist,515-495-2466
113.00,Percy,Le Pruvost,plepruvostd@cyberchimps.com,Male,Data Chief Officer ,246-207-1745
114.00,Brannon,Berrane,bberranee@sphinn.com,Male,Data Analyst,445-634-2924
115.00,Gray,Feldmann,gfeldmannf@businessinsider.com,Male,Data Analyst,769-278-7491
116.00,Magdalene,Ashdown,mashdowng@mlb.com,Female,Data Analyst,238-944-7007
117.00,Haydon,Sydenham,hsydenhamh@mail.ru,Male,Data Analyst,654-110-0329
118.00,Cole,Graalmans,cgraalmansi@bloglovin.com,Male,Data Analyst,853-942-4342
119.00,Jordanna,Szymanek,jszymanekj@sfgate.com,Female,Data Analyst,840-619-2088
120.00,Prue,Roobottom,proobottomk@meetup.com,Female,Data Analyst,595-307-1393
121.00,Marne,Gealle,mgeallel@usnews.com,Female,Data Analyst,266-695-7768
122.00,Cecil,Pullen,cpullenm@reddit.com,Male,Accountant Staff,283-650-9599
123.00,Ellyn,Behling,ebehlingn@answers.com,Female,Accountant Staff,278-342-2754
124.00,D'arcy,Penzer,dpenzero@usnews.com,Male,Accountant Staff,956-266-8739
125.00,Cirilo,Advani,cadvanip@homestead.com,Male,Accountant Staff,857-356-8382
126.00,Hammad,Lynskey,hlynskeyq@foxnews.com,Male,Accountant Staff,545-679-0947
127.00,Neddie,Paulazzi,npaulazzir@google.co.jp,Male,Accountant Staff,295-596-6824
128.00,Adamo,Conigsby,aconigsbys@cnbc.com,Male,Reciptionist ,304-498-1217
129.00,Morton,Gallihaulk,mgallihaulkt@angelfire.com,Male,Maitenance Operating Manager,894-965-3246
130.00,Araldo,Leif,aleifu@cocolog-nifty.com,Male,Maintenance Technician,705-849-5976
131.00,Willette,Dufall,wdufallv@wsj.com,Female,Maintenance Technician,344-911-1642
132.00,Gretta,Grevile,ggrevilew@ovh.net,Female,Maintenance Technician,252-703-7061
133.00,Roxanne,Gever,rgeverx@liveinternet.ru,Female,Maintenance Technician,406-276-3459
134.00,Nelli,Warhurst,nwarhursty@oakley.com,Female,Maintenance Technician,140-979-1278
135.00,Clari,Arkcoll,carkcollz@hugedomains.com,Female,Utilty Worker,787-580-0534
136.00,Erika,Pearton,epearton10@google.ca,Female,Utilty Worker,966-711-7416
137.00,Maren,Sleney,msleney11@constantcontact.com,Female,Utilty Worker,687-857-0948
138.00,Harold,Paris,hparis12@patch.com,Male,Utilty Worker,436-406-8034
139.00,Lynelle,Stopford,lstopford13@miibeian.gov.cn,Female,Office Staff,314-204-0045
140.00,Mattias,Coultard,mcoultard14@arizona.edu,Male,Office Staff,838-553-1567
141.00,Archaimbaud,Skelhorn,askelhorn15@bizjournals.com,Male,Office Staff,449-102-7383
142.00,Antonina,Dowson,adowson16@usa.gov,Female,Office Staff,839-594-0927
143.00,Kelwin,Leftbridge,kleftbridge17@trellian.com,Male,Office Staff,672-667-9190
144.00,Flora,Dursley,fdursley18@goo.ne.jp,Female,Office Staff,432-215-1727
145.00,Lars,Hedlestone,lhedlestone19@usa.gov,Male,Office Staff,226-637-3590
146.00,Ogdon,Midgely,omidgely1a@mediafire.com,Male,Office Staff,508-425-7029
147.00,Brigg,Bragg,bbragg1b@omniture.com,Male,Office Staff,225-388-2978
148.00,Mallory,Avesque,mavesque1c@ycombinator.com,Female,Office Staff,727-612-9772
149.00,Demetrius,Jakeman,djakeman1d@geocities.jp,Male,Office Staff,634-966-8528
150.00,Meggi,Bevis,mbevis1e@miitbeian.gov.cn,Female,Office Staff,905-529-3305
151.00,Kiel,Dearle-Palser,kdearlepalser1f@furl.net,Male,Office Staff,911-743-8681
152.00,Sutherland,Hourihane,shourihane1g@fotki.com,Male,Office Staff,167-236-4931
153.00,Eyde,Weth,eweth1h@earthlink.net,Female,Office Staff,444-118-7778
154.00,Crystie,Gulk,cgulk1i@nytimes.com,Female,Office Staff,808-776-1239
155.00,Abbie,Colegrove,acolegrove1j@springer.com,Female,Office Staff,984-879-6310
156.00,Egon,Girsch,egirsch1k@cbc.ca,Male,Office Staff,299-129-6830
157.00,Robby,Deeny,rdeeny1l@geocities.jp,Male,Office Staff,941-360-6411
158.00,Aggie,Warrack,awarrack1m@yandex.ru,Female,Office Staff,751-850-6927
159.00,Faydra,Brown,fbrown1n@netlog.com,Female,Office Staff,895-544-0677
160.00,Wanda,Prise,wprise1o@i2i.jp,Female,Office Staff,640-140-2903
161.00,Gonzalo,Huxter,ghuxter1p@yahoo.com,Male,Office Staff,451-775-2043
162.00,Carlynn,Van Hault,cvanhault1q@unc.edu,Female,Office Staff,243-248-1666
163.00,Kania,Avent,kavent1r@vinaora.com,Female,Office Staff,390-639-7169
164.00,Jervis,Pound,jpound1s@census.gov,Male,Office Staff,707-607-5451
165.00,Moses,Mangeon,mmangeon1t@facebook.com,Male,Office Staff,216-248-2390
166.00,Shirline,Tremontana,stremontana1u@unc.edu,Female,Office Staff,499-506-4925
167.00,Neils,Oakenford,noakenford1v@zdnet.com,Male,Office Staff,949-458-9316
168.00,Kenna,Bleas,kbleas1w@cloudflare.com,Female,Office Staff,548-273-6466
169.00,Cort,Rockcliff,crockcliff1x@nydailynews.com,Male,Office Staff,640-597-2106
170.00,Gil,Easterbrook,geasterbrook1y@tinypic.com,Male,Office Staff,675-771-3486
171.00,Brady,Eacle,beacle1z@hubpages.com,Male,Office Staff,745-441-6946
172.00,Alaine,Okie,aokie20@hud.gov,Female,Office Staff,411-590-7508
173.00,Marcy,Argont,margont21@nationalgeographic.com,Female,Office Staff,620-113-0978
174.00,Matti,Heather,mheather22@clickbank.net,Female,Office Staff,123-922-3452
175.00,Dorelle,Latus,dlatus23@squidoo.com,Female,Office Staff,255-834-2925
176.00,Ashli,Donahue,adonahue24@topsy.com,Female,Office Staff,342-967-6786
177.00,Harman,Blackshaw,hblackshaw25@columbia.edu,Male,Office Staff,809-958-9768
178.00,Rora,Dwerryhouse,rdwerryhouse26@epa.gov,Female,Office Staff,730-931-1595
179.00,Thia,Parffrey,tparffrey27@wordpress.org,Female,Office Staff,424-225-5305
180.00,Claudine,Fortesquieu,cfortesquieu28@hc360.com,Female,Office Staff,825-429-3222
181.00,Francisco,Bulch,fbulch29@bing.com,Male,Office Staff,334-284-2092
182.00,Noella,Leuren,nleuren2a@gov.uk,Female,Office Staff,247-912-6557
183.00,Hetti,Febre,hfebre2b@woothemes.com,Female,Office Staff,163-843-1406
184.00,Otis,Vannucci,ovannucci2c@chron.com,Male,Office Staff,868-872-9545
185.00,Fedora,Schaben,fschaben2d@amazon.de,Female,Office Staff,169-204-3257
186.00,Nara,Hampshire,nhampshire2e@cam.ac.uk,Female,Office Staff,311-706-5196
187.00,Pren,Rodson,prodson2f@oaic.gov.au,Male,Office Staff,740-177-2132
188.00,Sid,Maltby,smaltby2g@arizona.edu,Male,Office Staff,251-742-9809
189.00,Evangeline,Hearson,ehearson2h@blogger.com,Female,Office Staff,273-400-6785
190.00,Toinette,Hune,thune2i@stumbleupon.com,Female,Office Staff,432-357-6488
191.00,Damiano,Stuffins,dstuffins2j@psu.edu,Male,Office Staff,629-977-5781
192.00,Chane,Hilley,chilley2k@devhub.com,Male,Office Staff,768-124-3134
193.00,Lindsey,Peet,lpeet2l@hud.gov,Male,Office Staff,590-293-9827
194.00,Chester,Grassi,cgrassi2m@ucoz.ru,Male,Office Staff,485-206-5141
195.00,Doe,Burk,dburk2n@amazon.de,Female,Office Staff,310-385-8693
196.00,Ethelda,Raimbauld,eraimbauld2o@bigcartel.com,Female,Office Staff,791-921-2273
197.00,Abbi,Wasson,awasson2p@cbslocal.com,Female,Office Staff,879-717-9709
198.00,Zackariah,Baldinotti,zbaldinotti2q@cyberchimps.com,Male,Office Staff,450-727-5033
199.00,Lusa,Alabone,lalabone2r@infoseek.co.jp,Female,Office Staff,277-106-7534
200.00,Kanya,Dewsnap,kdewsnap2s@wordpress.com,Female,Office Staff,731-819-8683
201.00,Iggy,Pluthero,ipluthero2t@apache.org,Male,Office Staff,340-811-0519
202.00,Demetre,Velte,dvelte2u@google.com.au,Male,Office Staff,319-915-1813
203.00,Dorian,Malan,dmalan2v@cdbaby.com,Male,Office Staff,566-451-7456
204.00,Shela,Whitmell,swhitmell2w@vk.com,Female,Office Staff,791-687-0524
205.00,Leo,Extill,lextill2x@tinypic.com,Male,Office Staff,299-254-5847
206.00,Lyndsey,Gazzard,lgazzard2y@guardian.co.uk,Female,Office Staff,564-779-6480
207.00,Jorgan,Baines,jbaines2z@dmoz.org,Male,Office Staff,163-466-7953
208.00,Karrie,Kurth,kkurth30@soup.io,Female,Office Staff,589-277-2971
209.00,Colleen,Radborne,cradborne31@scribd.com,Female,Office Staff,319-996-3256
210.00,Georgie,Bastistini,gbastistini32@princeton.edu,Male,Office Staff,706-890-1492
211.00,Bradford,Arboin,barboin33@ebay.co.uk,Male,Office Staff,110-465-2083
212.00,Hort,Cato,hcato34@dyndns.org,Male,Office Staff,757-335-3061
213.00,Sully,Ruperti,sruperti35@dagondesign.com,Male,Office Staff,906-601-9848
214.00,Reed,Balderstone,rbalderstone36@walmart.com,Male,Office Staff,430-462-1583
215.00,Meade,Schoolcroft,mschoolcroft37@wufoo.com,Male,Office Staff,360-682-2705
216.00,Dee,Montes,dmontes38@discuz.net,Female,Office Staff,506-149-4562
217.00,Gallard,Sprakes,gsprakes39@histats.com,Male,Office Staff,449-738-2071
218.00,Linn,Cuthbertson,lcuthbertson3a@redcross.org,Female,Building Coordinator Bldg 1,115-532-3171
219.00,Gelya,Blakeway,gblakeway3b@4shared.com,Female,Building Coordinator Bldg 2,168-775-7133
220.00,Saree,Swinney,sswinney3c@hatena.ne.jp,Female,Building Coordinator Bldg 3,448-287-6302
221.00,Kaylyn,Burrow,kburrow3d@java.com,Female,Building Coordinator Bldg 4,978-832-0537
222.00,Sydney,Strettell,sstrettell3e@bandcamp.com,Female,Building Coordinator Bldg 5,503-800-2517
223.00,Min,Oneil,moneil3f@indiatimes.com,Female,Building Coordinator Bldg 6,212-826-8424
224.00,Ingaborg,Felce,ifelce3g@pagesperso-orange.fr,Female,Building Coordinator Bldg 7,710-179-7621
225.00,Hesther,Sharvell,hsharvell3h@yandex.ru,Female,Building Coordinator Bldg 8,802-935-3226
226.00,Delano,Layhe,dlayhe3i@themeforest.net,Male,Building Coordinator Bldg 9,902-301-3139
227.00,Annemarie,Thomassen,athomassen3j@yahoo.co.jp,Female,Building Coordinator Bldg 10,686-277-2868
228.00,Marietta,Crat,mcrat3k@un.org,Female,Building Coordinator Bldg 11,184-250-6673
229.00,Florance,Benduhn,fbenduhn3l@printfriendly.com,Female,Building Coordinator Bldg 12,900-944-0229
230.00,Stirling,Coulman,scoulman3m@ycombinator.com,Male,Building Coordinator Bldg 13,291-198-7797
231.00,Allan,Coade,acoade3n@google.com.br,Male,Building Coordinator Bldg 14,932-371-6293
232.00,Wendie,Tonge,wtonge3o@umn.edu,Female,Building Coordinator Bldg 15,111-363-7313
233.00,Davide,Halms,dhalms3p@nymag.com,Male,Building Coordinator Bldg 16,580-186-9854
234.00,Gabbie,Domerc,gdomerc3q@wordpress.com,Male,Building Coordinator Bldg 17,386-359-5532
235.00,Skelly,Rowes,srowes3r@umn.edu,Male,Building Coordinator Bldg 18,808-901-5545
236.00,Miller,Castagnaro,mcastagnaro3s@goo.gl,Male,Building Coordinator Bldg 19,665-193-3159
237.00,Al,McGaughie,amcgaughie3t@columbia.edu,Male,Building Coordinator Bldg 20,908-421-9888
238.00,Melody,Geelan,mgeelan3u@prnewswire.com,Female,Building Coordinator Bldg 21,704-104-0260
239.00,Cullin,Gerardeaux,cgerardeaux3v@google.ru,Male,Building Coordinator Bldg 22,626-279-3918
240.00,Jaquelin,Blueman,jblueman3w@paypal.com,Female,Building Coordinator Bldg 23,490-785-2086
241.00,Celina,Bourton,cbourton3x@sakura.ne.jp,Female,Building Coordinator Bldg 24,138-281-9799
242.00,Lyndsie,Aaronsohn,laaronsohn3y@bbb.org,Female,Building Coordinator Bldg 25,402-197-4435
243.00,Audrey,Lafflin,alafflin3z@chronoengine.com,Female,Building Coordinator Bldg 26,885-536-2154
244.00,Lorry,Garside,lgarside40@mapquest.com,Female,Building Coordinator Bldg 27,831-153-3550
245.00,Hugh,Petrashkov,hpetrashkov41@wufoo.com,Male,Building Coordinator Bldg 28,422-940-7823
246.00,Von,Bucklan,vbucklan42@tripod.com,Male,Building Coordinator Bldg 29,865-776-4043
247.00,Amalie,Tomaselli,atomaselli43@ucla.edu,Female,Building Coordinator Bldg 30,367-926-7911
248.00,Perry,Duxbury,pduxbury44@examiner.com,Female,Building Coordinator Bldg 31,931-438-7046
249.00,Aigneis,Viger,aviger45@chronoengine.com,Female,Building Coordinator Bldg 32,272-613-9665
250.00,Sacha,Crang,scrang46@google.it,Female,Building Coordinator Bldg 33,347-924-5584
251.00,Caressa,Geill,cgeill47@sciencedaily.com,Female,Building Coordinator Bldg 34,228-930-2306
252.00,Hannah,Whithorn,hwhithorn48@goodreads.com,Female,Building Coordinator Bldg 35,526-538-1785
253.00,Luca,Bacop,lbacop49@comsenz.com,Male,Building Coordinator Bldg 36,515-192-1817
254.00,Justis,Lanchester,jlanchester4a@hao123.com,Male,Building Coordinator Bldg 37,596-888-6874
255.00,Raphael,Frickey,rfrickey4b@feedburner.com,Male,Building Coordinator Bldg 38,225-826-7175
256.00,Jodie,Lawlings,jlawlings4c@newyorker.com,Male,Building Coordinator Bldg 39,929-192-1737
257.00,Aleece,Dreinan,adreinan4d@istockphoto.com,Female,Building Coordinator Bldg 40,712-304-3137
258.00,Faustine,Murrigans,fmurrigans4e@macromedia.com,Female,Building Coordinator Bldg 41,514-459-6299
259.00,Ford,Tellenbrook,ftellenbrook4f@edublogs.org,Male,Building Coordinator Bldg 42,532-844-1595
260.00,Stanislaw,Bows,sbows4g@seattletimes.com,Male,Building Coordinator Bldg 43,827-234-7804
261.00,Lyndsay,Smartman,lsmartman4h@irs.gov,Female,Building Coordinator Bldg 44,852-985-0819
262.00,Kameko,Titchener,ktitchener4i@cbc.ca,Female,Building Coordinator Bldg 45,230-746-9333
263.00,Ginny,Larder,glarder4j@admin.ch,Female,Building Coordinator Bldg 46,849-738-6602
264.00,Farrand,Hatchell,fhatchell4k@unc.edu,Female,Building Coordinator Bldg 47,610-866-6691
265.00,Shepperd,Scneider,sscneider4l@howstuffworks.com,Male,Building Coordinator Bldg 48,954-627-4853
266.00,Ring,Ceccoli,rceccoli4m@skyrock.com,Male,Building Coordinator Bldg 49,129-428-5617
267.00,Dale,Muneely,dmuneely4n@yellowbook.com,Female,Building Coordinator Bldg 50,314-779-1096
268.00,Tuck,Ahrenius,tahrenius4o@cyberchimps.com,Male,Cleaning Staff Bldg 1,688-281-6324
269.00,Nelly,Luten,nluten4p@spiegel.de,Female,Cleaning Staff Bldg 2,490-457-8423
270.00,Hedi,D'Alessandro,hdalessandro4q@hc360.com,Female,Cleaning Staff Bldg 3,956-105-9636
271.00,Demetria,Iorizzi,diorizzi4r@oaic.gov.au,Female,Cleaning Staff Bldg 4,597-591-4603
272.00,Keslie,Clogg,kclogg4s@answers.com,Female,Cleaning Staff Bldg 5,603-641-9724
273.00,Lalo,Durtnell,ldurtnell4t@4shared.com,Male,Cleaning Staff Bldg 6,301-358-7472
274.00,Flory,Ruslinge,fruslinge4u@issuu.com,Male,Cleaning Staff Bldg 7,824-520-7585
275.00,Merl,Yanshin,myanshin4v@mac.com,Female,Cleaning Staff Bldg 8,265-840-3328
276.00,Fielding,Yarr,fyarr4w@printfriendly.com,Male,Cleaning Staff Bldg 9,582-886-0792
277.00,Dorrie,Foltin,dfoltin4x@geocities.jp,Female,Cleaning Staff Bldg 10,733-619-7197
278.00,Renelle,Masden,rmasden4y@sitemeter.com,Female,Cleaning Staff Bldg 11,346-249-3183
279.00,Jazmin,McKeever,jmckeever4z@last.fm,Female,Cleaning Staff Bldg 12,515-717-8042
280.00,Collette,Ribbon,cribbon50@istockphoto.com,Female,Cleaning Staff Bldg 13,888-728-6495
281.00,Joete,Happer,jhapper51@wordpress.com,Female,Cleaning Staff Bldg 14,269-542-3690
282.00,Camilla,Bourdon,cbourdon52@theguardian.com,Female,Cleaning Staff Bldg 15,142-627-8584
283.00,Edlin,Navarijo,enavarijo53@kickstarter.com,Male,Cleaning Staff Bldg 16,150-359-4429
284.00,Lydia,Tripney,ltripney54@gizmodo.com,Female,Cleaning Staff Bldg 17,421-583-2319
285.00,Brian,Rottgers,brottgers55@businessinsider.com,Male,Cleaning Staff Bldg 18,625-913-7327
286.00,Del,Vaughan,dvaughan56@senate.gov,Female,Cleaning Staff Bldg 19,146-917-1697
287.00,Elvis,Grieger,egrieger57@bing.com,Male,Cleaning Staff Bldg 20,590-781-3307
288.00,Bo,Bedin,bbedin58@nyu.edu,Male,Cleaning Staff Bldg 21,170-565-0807
289.00,Neille,Zold,nzold59@craigslist.org,Female,Cleaning Staff Bldg 22,457-198-9931
290.00,Dorri,Varnals,dvarnals5a@phoca.cz,Female,Cleaning Staff Bldg 23,175-877-4270
291.00,Norman,MacKomb,nmackomb5b@comcast.net,Male,Cleaning Staff Bldg 24,312-198-0638
292.00,Amata,Jeyes,ajeyes5c@fema.gov,Female,Cleaning Staff Bldg 25,974-789-3300
293.00,Vivie,Ziemens,vziemens5d@deliciousdays.com,Female,Cleaning Staff Bldg 26,276-578-7055
294.00,Marleah,Belsher,mbelsher5e@odnoklassniki.ru,Female,Cleaning Staff Bldg 27,704-614-1066
295.00,Debi,Eardley,deardley5f@imageshack.us,Female,Cleaning Staff Bldg 28,526-786-8607
296.00,Elsey,Melrose,emelrose5g@hp.com,Female,Cleaning Staff Bldg 29,512-239-2787
297.00,Jaine,Tizzard,jtizzard5h@linkedin.com,Female,Cleaning Staff Bldg 30,414-131-9916
298.00,Darill,Downton,ddownton5i@wunderground.com,Male,Cleaning Staff Bldg 31,510-627-0746
299.00,Lonni,Pendered,lpendered5j@noaa.gov,Female,Cleaning Staff Bldg 32,486-283-7329
300.00,Harriett,Syer,hsyer5k@mayoclinic.com,Female,Cleaning Staff Bldg 33,759-951-3643
301.00,Hadlee,Currin,hcurrin5l@reuters.com,Male,Cleaning Staff Bldg 34,272-998-9755
302.00,Ebenezer,Tremblett,etremblett5m@topsy.com,Male,Cleaning Staff Bldg 35,467-739-7218
303.00,Engelbert,Gallen,egallen5n@whitehouse.gov,Male,Cleaning Staff Bldg 36,827-767-7400
304.00,Stephi,Pods,spods5o@edublogs.org,Female,Cleaning Staff Bldg 37,740-807-1584
305.00,Boycie,Kerwick,bkerwick5p@sina.com.cn,Male,Cleaning Staff Bldg 38,420-301-0656
306.00,Wendell,Alvarado,walvarado5q@wikispaces.com,Male,Cleaning Staff Bldg 39,196-614-2773
307.00,Abelard,Winscomb,awinscomb5r@topsy.com,Male,Cleaning Staff Bldg 40,383-656-7995
308.00,Merell,Waistall,mwaistall5s@t.co,Male,Cleaning Staff Bldg 41,740-125-7702
309.00,Benjamin,Soulsby,bsoulsby5t@hao123.com,Male,Cleaning Staff Bldg 42,604-859-1408
310.00,Priscella,Wasling,pwasling5u@pinterest.com,Female,Cleaning Staff Bldg 43,477-701-9754
311.00,Any,Pavlasek,apavlasek5v@odnoklassniki.ru,Male,Cleaning Staff Bldg 44,128-357-2950
312.00,Lurline,Quinnet,lquinnet5w@php.net,Female,Cleaning Staff Bldg 45,842-746-0110
313.00,Channa,Jodlkowski,cjodlkowski5x@cisco.com,Female,Cleaning Staff Bldg 46,966-255-4551
314.00,Lisa,Taplow,ltaplow5y@skyrock.com,Female,Cleaning Staff Bldg 47,430-464-8752
315.00,Boycey,Thebeaud,bthebeaud5z@hugedomains.com,Male,Cleaning Staff Bldg 48,636-937-0509
316.00,Evan,O'Doghesty,eodoghesty60@123-reg.co.uk,Male,Cleaning Staff Bldg 49,687-826-5412
317.00,Maxwell,Wein,mwein61@photobucket.com,Male,Cleaning Staff Bldg 50,987-755-6965